date,game,player,score,percentile
2026-09-29,wordle,Khang,3,
2026-09-30,krillion,Khang,375,95
2026-10-01,dialed_color,cumlord420,8.8,
2026-10-01,dialed_color,Khang,40.77,
2026-10-01,dialed_color,natalie!!,44.34,
2026-10-01,dialed_color,Viggy,41.79,
2026-10-01,dialed_sound,Khang,37.46,
2026-10-01,krillion,Khang,390,91
2026-10-01,krillion,sharms,355,82
2026-10-01,krillion,Viggy,275,49
2026-10-01,wordle,Khang,4,
2026-10-01,wordle,natalie!!,5,
2026-10-01,wordle,sharms,5,
2026-10-02,dialed_color,Khang,40.43,
2026-10-02,dialed_sound,sharms,47.58,
2026-10-02,krillion,Khang,321,82
2026-10-02,krillion,sharms,280,60
2026-10-02,wordle,Khang,5,
2026-10-02,wordle,sharms,4,
2026-10-02,wordle,Viggy,7,
